[
  {
    "id": "usa-alpha",
    "name": "USA Alpha Fund",
    "description": "High-growth US equity portfolio",
    "country": "USA",
    "currency": "USD",
    "cashPosition": 46007,
    "totalInvested": 9236.8,
    "currentValue": 10800.3695,
    "unrealizedPL": 1563.5695000000014,
    "totalReturn": 1563.5695000000014,
    "totalReturnPercent": 16.927610211328613,
    "createdAt": "2025-09-08T00:00:00.000Z",
    "updatedAt": "2025-09-08T16:46:30.444Z"
  },
  {
    "id": "usa-sip",
    "name": "USA SIP",
    "description": "Systematic Investment Plan for US markets",
    "country": "USA",
    "currency": "USD",
    "cashPosition": 23000,
    "totalInvested": 2000,
    "currentValue": 2377.7000000000003,
    "unrealizedPL": 377.7000000000003,
    "totalReturn": 377.7000000000003,
    "totalReturnPercent": 18.885000000000012,
    "createdAt": "2025-09-08T00:00:00.000Z",
    "updatedAt": "2025-09-08T16:21:15.205Z"
  },
  {
    "id": "india-investments",
    "name": "India Investments",
    "description": "Indian equity and debt portfolio",
    "country": "India",
    "currency": "INR",
    "cashPosition": 464000,
    "totalInvested": 36000,
    "currentValue": 54342,
    "unrealizedPL": 18342,
    "totalReturn": 18342,
    "totalReturnPercent": 50.949999999999996,
    "createdAt": "2025-09-08T00:00:00.000Z",
    "updatedAt": "2025-09-08T16:21:15.235Z"
  }
]