{
  "stocks": {
    "TCS": {
      "symbol": "TCS",
      "companyName": "Tata Consultancy Services",
      "sector": "Information Technology",
      "exchange": "NSE",
      "currency": "INR",
      "lastPrice": 3019,
      "lastUpdated": "2025-09-08T16:52:39.879Z"
    },
    "MSFT": {
      "symbol": "MSFT",
      "companyName": "Microsoft Corporation",
      "sector": "Technology",
      "exchange": "NASDAQ",
      "currency": "USD",
      "lastPrice": 498.75,
      "lastUpdated": "2025-09-08T16:51:16.876Z"
    },
    "NVDA": {
      "symbol": "NVDA",
      "companyName": "NVIDIA Corporation",
      "sector": "Technology",
      "exchange": "NASDAQ",
      "currency": "USD",
      "lastPrice": 170.065,
      "lastUpdated": "2025-09-08T16:51:16.847Z"
    },
    "AAPL": {
      "symbol": "AAPL",
      "companyName": "Apple Inc.",
      "sector": "Technology",
      "exchange": "NASDAQ",
      "currency": "USD",
      "lastPrice": 237.09,
      "lastUpdated": "2025-09-08T16:52:38.338Z"
    }
  },
  "lastUpdated": "2025-09-08T16:52:39.879Z"
}