[
  {
    "portfolioId": "usa-alpha",
    "date": "2025-09-07T04:11:26.605Z",
    "action": "BUY",
    "ticker": "NVDA",
    "exchange": "NASDAQ",
    "country": "USA",
    "quantity": 10,
    "tradePrice": 165.97,
    "currency": "USD",
    "fees": 0,
    "notes": "",
    "tag": "",
    "id": "txn_1757273000159_934xmqasy"
  },
  {
    "portfolioId": "usa-alpha",
    "date": "2025-09-07T05:13:20.518Z",
    "action": "BUY",
    "ticker": "MSFT",
    "exchange": "NASDAQ",
    "country": "USA",
    "quantity": 9.997,
    "tradePrice": 300,
    "currency": "USD",
    "fees": 0,
    "notes": "",
    "tag": "",
    "id": "txn_1757273137675_s2bjz8uec"
  },
  {
    "portfolioId": "usa-alpha",
    "date": "2025-09-07T06:23:36.713Z",
    "action": "BUY",
    "ticker": "NVDA",
    "exchange": "NASDAQ",
    "country": "USA",
    "quantity": 33,
    "tradePrice": 166,
    "currency": "USD",
    "fees": 9,
    "notes": "",
    "tag": "",
    "id": "txn_1757274047739_inrsft5dg"
  },
  {
    "portfolioId": "usa-sip",
    "date": "2025-09-07T08:08:19.795Z",
    "action": "BUY",
    "ticker": "AAPL",
    "exchange": "NASDAQ",
    "country": "USA",
    "quantity": 10,
    "tradePrice": 200,
    "currency": "USD",
    "fees": 0,
    "notes": "",
    "tag": "",
    "id": "txn_1757274785669_i85hbits0"
  },
  {
    "portfolioId": "india-investments",
    "date": "2025-09-07T09:03:44.120Z",
    "action": "BUY",
    "ticker": "TCS",
    "exchange": "NSE",
    "country": "India",
    "quantity": 8,
    "tradePrice": 2000,
    "currency": "INR",
    "fees": 0,
    "notes": "",
    "tag": "",
    "id": "txn_1757274846369_xom73joz5"
  },
  {
    "portfolioId": "india-investments",
    "date": "2025-09-08T03:54:00.000Z",
    "action": "BUY",
    "ticker": "TCS",
    "exchange": "NASDAQ",
    "country": "USA",
    "quantity": 10,
    "tradePrice": 2000,
    "currency": "INR",
    "fees": 0,
    "notes": "",
    "tag": "",
    "id": "txn_1757323489679_hpcht1exd"
  },
  {
    "portfolioId": "usa-alpha",
    "date": "2025-09-08T11:16:00.000Z",
    "action": "SELL",
    "ticker": "MSFT",
    "exchange": "NASDAQ",
    "country": "USA",
    "quantity": 3,
    "tradePrice": 498,
    "currency": "USD",
    "fees": 0,
    "notes": "",
    "tag": "",
    "id": "txn_1757349990397_20z6vn0or"
  }
]