[
  {
    "id": "action_1757273000161_mfhqign5h",
    "timestamp": "2025-09-07T19:26:12.717Z",
    "action": "ADD_TRANSACTION",
    "data": {
      "portfolioId": "usa-alpha",
      "date": "2025-09-07T00:00:00.000Z",
      "action": "BUY",
      "ticker": "NVDA",
      "exchange": "NASDAQ",
      "country": "USA",
      "quantity": 10,
      "tradePrice": 165.97,
      "currency": "USD",
      "fees": 0,
      "notes": "",
      "tag": "",
      "id": "txn_1757273000159_934xmqasy"
    }
  },
  {
    "id": "action_1757273137676_yk9d6ob5z",
    "timestamp": "2025-09-07T19:23:29.217Z",
    "action": "ADD_TRANSACTION",
    "data": {
      "portfolioId": "usa-alpha",
      "date": "2025-09-07T00:00:00.000Z",
      "action": "BUY",
      "ticker": "MSFT",
      "exchange": "NASDAQ",
      "country": "USA",
      "quantity": 9.997,
      "tradePrice": 300,
      "currency": "USD",
      "fees": 0,
      "notes": "",
      "tag": "",
      "id": "txn_1757273137675_s2bjz8uec"
    }
  },
  {
    "id": "action_1757274047742_gdt4ie1bs",
    "timestamp": "2025-09-07T19:21:44.974Z",
    "action": "UPDATE_CASH_POSITION",
    "data": {
      "portfolioId": "usa-alpha",
      "amount": 44513
    }
  },
  {
    "id": "action_1757274047745_w9z8wxl9g",
    "timestamp": "2025-09-07T20:37:06.640Z",
    "action": "ADD_TRANSACTION",
    "data": {
      "portfolioId": "usa-alpha",
      "date": "2025-09-07T00:00:00.000Z",
      "action": "BUY",
      "ticker": "NVDA",
      "exchange": "NASDAQ",
      "country": "USA",
      "quantity": 33,
      "tradePrice": 166,
      "currency": "USD",
      "fees": 9,
      "notes": "",
      "tag": "",
      "id": "txn_1757274047739_inrsft5dg"
    }
  },
  {
    "id": "action_1757274785672_byozltq1v",
    "timestamp": "2025-09-07T19:49:59.736Z",
    "action": "UPDATE_CASH_POSITION",
    "data": {
      "portfolioId": "usa-sip",
      "amount": 23000
    }
  },
  {
    "id": "action_1757274785674_gwgc4ne2t",
    "timestamp": "2025-09-07T20:01:11.970Z",
    "action": "ADD_TRANSACTION",
    "data": {
      "portfolioId": "usa-sip",
      "date": "2025-09-07T00:00:00.000Z",
      "action": "BUY",
      "ticker": "AAPL",
      "exchange": "NASDAQ",
      "country": "USA",
      "quantity": 10,
      "tradePrice": 200,
      "currency": "USD",
      "fees": 0,
      "notes": "",
      "tag": "",
      "id": "txn_1757274785669_i85hbits0"
    }
  },
  {
    "id": "action_1757274846369_anbhx6kj2",
    "timestamp": "2025-09-07T19:57:16.399Z",
    "action": "UPDATE_CASH_POSITION",
    "data": {
      "portfolioId": "india-investments",
      "amount": 484000
    }
  },
  {
    "id": "action_1757274846371_cg0fvansz",
    "timestamp": "2025-09-07T20:44:23.328Z",
    "action": "ADD_TRANSACTION",
    "data": {
      "portfolioId": "india-investments",
      "date": "2025-09-07T00:00:00.000Z",
      "action": "BUY",
      "ticker": "TCS",
      "exchange": "NSE",
      "country": "India",
      "quantity": 8,
      "tradePrice": 2000,
      "currency": "INR",
      "fees": 0,
      "notes": "",
      "tag": "",
      "id": "txn_1757274846369_xom73joz5"
    }
  },
  {
    "id": "action_1757275509839_wxtkud1fz",
    "timestamp": "2025-09-07T20:11:16.233Z",
    "action": "UPDATE_SETTINGS",
    "data": {
      "general": {
        "baseCurrency": "INR",
        "refreshInterval": 5,
        "timezone": "America/New_York"
      },
      "portfolios": {
        "usa-alpha": {
          "baseCurrency": "USD",
          "targetCash": 10,
          "rebalanceThreshold": 5
        },
        "usa-sip": {
          "baseCurrency": "USD",
          "targetCash": 15,
          "rebalanceThreshold": 3
        },
        "india-investments": {
          "baseCurrency": "INR",
          "targetCash": 12,
          "rebalanceThreshold": 5
        }
      },
      "sheets": {
        "spreadsheetId": "",
        "transactionsSheet": "Transactions",
        "settingsSheet": "Settings",
        "portfoliosSheet": "Portfolios"
      },
      "notifications": {
        "emailAlerts": true,
        "priceAlerts": true,
        "rebalanceAlerts": true,
        "transactionAlerts": true
      },
      "lastUpdated": "2025-01-11T00:00:00.000Z"
    }
  },
  {
    "id": "action_1757277243381_wc25yda2g",
    "timestamp": "2025-09-07T19:59:19.122Z",
    "action": "UPDATE_SETTINGS",
    "data": {
      "general": {
        "baseCurrency": "USD",
        "refreshInterval": 5,
        "timezone": "America/New_York"
      },
      "portfolios": {
        "usa-alpha": {
          "baseCurrency": "USD",
          "targetCash": 10,
          "rebalanceThreshold": 5
        },
        "usa-sip": {
          "baseCurrency": "USD",
          "targetCash": 15,
          "rebalanceThreshold": 3
        },
        "india-investments": {
          "baseCurrency": "INR",
          "targetCash": 12,
          "rebalanceThreshold": 5
        }
      },
      "sheets": {
        "spreadsheetId": "",
        "transactionsSheet": "Transactions",
        "settingsSheet": "Settings",
        "portfoliosSheet": "Portfolios"
      },
      "notifications": {
        "emailAlerts": true,
        "priceAlerts": true,
        "rebalanceAlerts": true,
        "transactionAlerts": true
      },
      "lastUpdated": "2025-09-07T20:05:09.838Z"
    }
  },
  {
    "id": "action_1757278068889_v7h41v1wl",
    "timestamp": "2025-09-07T20:32:04.306Z",
    "action": "UPDATE_SETTINGS",
    "data": {
      "general": {
        "baseCurrency": "USD",
        "refreshInterval": 5,
        "timezone": "America/New_York"
      },
      "portfolios": {
        "usa-alpha": {
          "baseCurrency": "USD",
          "targetCash": 10,
          "rebalanceThreshold": 5
        },
        "usa-sip": {
          "baseCurrency": "USD",
          "targetCash": 15,
          "rebalanceThreshold": 3
        },
        "india-investments": {
          "baseCurrency": "INR",
          "targetCash": 12,
          "rebalanceThreshold": 5
        }
      },
      "sheets": {
        "spreadsheetId": "",
        "transactionsSheet": "Transactions",
        "settingsSheet": "Settings",
        "portfoliosSheet": "Portfolios"
      },
      "notifications": {
        "emailAlerts": true,
        "priceAlerts": true,
        "rebalanceAlerts": true,
        "transactionAlerts": true
      },
      "lastUpdated": "2025-09-07T20:34:03.381Z"
    }
  },
  {
    "id": "action_1757280292150_meow4ozy4",
    "timestamp": "2025-09-07T21:24:52.150Z",
    "action": "UPDATE_SETTINGS",
    "data": {
      "general": {
        "baseCurrency": "INR",
        "refreshInterval": 5,
        "timezone": "America/New_York"
      },
      "portfolios": {
        "usa-alpha": {
          "targetCash": 10,
          "rebalanceThreshold": 5
        },
        "usa-sip": {
          "targetCash": 15,
          "rebalanceThreshold": 3
        },
        "india-investments": {
          "targetCash": 12,
          "rebalanceThreshold": 5
        }
      },
      "sheets": {
        "spreadsheetId": "",
        "transactionsSheet": "Transactions",
        "settingsSheet": "Settings",
        "portfoliosSheet": "Portfolios"
      },
      "notifications": {
        "emailAlerts": true,
        "priceAlerts": true,
        "rebalanceAlerts": true,
        "transactionAlerts": true
      },
      "lastUpdated": "2025-09-07T20:47:48.888Z"
    }
  },
  {
    "id": "action_1757323489698_mgcwsxcpb",
    "timestamp": "2025-09-08T09:24:49.698Z",
    "action": "UPDATE_CASH_POSITION",
    "data": {
      "portfolioId": "india-investments",
      "amount": 464000
    }
  },
  {
    "id": "action_1757323489726_gqlr5rvul",
    "timestamp": "2025-09-08T09:24:49.726Z",
    "action": "ADD_TRANSACTION",
    "data": {
      "portfolioId": "india-investments",
      "date": "2025-09-08T03:54:00.000Z",
      "action": "BUY",
      "ticker": "TCS",
      "exchange": "NASDAQ",
      "country": "USA",
      "quantity": 10,
      "tradePrice": 2000,
      "currency": "INR",
      "fees": 0,
      "notes": "",
      "tag": "",
      "id": "txn_1757323489679_hpcht1exd"
    }
  },
  {
    "id": "action_1757323602425_quv0e9ujg",
    "timestamp": "2025-09-08T09:26:42.426Z",
    "action": "UPDATE_SETTINGS",
    "data": {
      "general": {
        "baseCurrency": "USD",
        "refreshInterval": 5,
        "timezone": "America/New_York"
      },
      "portfolios": {
        "usa-alpha": {
          "targetCash": 10,
          "rebalanceThreshold": 5
        },
        "usa-sip": {
          "targetCash": 15,
          "rebalanceThreshold": 3
        },
        "india-investments": {
          "targetCash": 12,
          "rebalanceThreshold": 5
        }
      },
      "sheets": {
        "spreadsheetId": "",
        "transactionsSheet": "Transactions",
        "settingsSheet": "Settings",
        "portfoliosSheet": "Portfolios"
      },
      "notifications": {
        "emailAlerts": true,
        "priceAlerts": true,
        "rebalanceAlerts": true,
        "transactionAlerts": true
      },
      "lastUpdated": "2025-09-07T21:24:52.150Z"
    }
  },
  {
    "id": "action_1757349990416_8or30d4hh",
    "timestamp": "2025-09-08T16:46:30.416Z",
    "action": "UPDATE_CASH_POSITION",
    "data": {
      "portfolioId": "usa-alpha",
      "amount": 46007
    }
  },
  {
    "id": "action_1757349990447_twkyng7fg",
    "timestamp": "2025-09-08T16:46:30.448Z",
    "action": "ADD_TRANSACTION",
    "data": {
      "portfolioId": "usa-alpha",
      "date": "2025-09-08T11:16:00.000Z",
      "action": "SELL",
      "ticker": "MSFT",
      "exchange": "NASDAQ",
      "country": "USA",
      "quantity": 3,
      "tradePrice": 498,
      "currency": "USD",
      "fees": 0,
      "notes": "",
      "tag": "",
      "id": "txn_1757349990397_20z6vn0or"
    }
  }
]